sequences,experimental,index
AAGATGGTGAGTGCCATCTTAAAACTTACTGGAGAT,6.493165,1
TTTTCACAAAGATGGTGAGTGCCATCTTAAAACTTA,5.758904,2
TGTTCAACTTTTCACAAAGATGGTGAGTGCCATCTT,5.086925,3
TTCCCTCCTGGAAAGCCGAAGCTTAGAGCTTCACGT,4.928141,4
ACTTCCCTCCTGGAAAGCCGAAGCTTAGAGCTTCAC,4.698843,5
AGACTTCCCTCCTGGAAAGCCGAAGCTTAGAGCTTC,4.760543,6
TGGGATGTCCCCGGGGGACCGTGCAGCCTGCCCCTG,5.412849,7
GTTGGGATGTCCCCGGGGGACCGTGCAGCCTGCCCC,5.524995,8
GGAGTTGGGATGTCCCCGGGGGACCGTGCAGCCTGC,5.698416,9
CAGGCGTGAGCCACCACGCCTGGCCAATTATGTAAT,6.152023,10
GGGATTACAGGCGTGAGCCACCACGCCTGGCCAATT,5.716449,11
AAGTGCTGGGATTACAGGCGTGAGCCACCACGCCTG,6.542482,12
ACATAAAAATTAGCCAGGTGTGGTGGTGGGCACCTG,6.354767,13
AATTAGCCAGGTGTGGTGGTGGGCACCTGTAATCTC,5.492518,14
CAGGTGTGGTGGTGGGCACCTGTAATCTCAGCTACT,6.36555,15
TTGGGAGGCCAAGGCAGGCAGATCACCTGAGGTCAG,6.086743,16
ACTTTGGGAGGCCAAGGCAGGCAGATCACCTGAGGT,5.518018,17
AGCACTTTGGGAGGCCAAGGCAGGCAGATCACCTGA,5.947043,18
ACATTTAGAGTAGTCCTTGGAGATTTTATGGAGATG,6.80727,19
AAGTTGCGGTTGTGGTGATTTTGGCTTAATGTGTTC,7.084032,20
TCACAAGACTAAAGATAATTAAAAAGAAAACCACAG,6.939457,21
GAAACCCCATCTCTACCAAAAATATAAAAACTAGCT,7.111129,22
CTTAGTTGGAGTTTGGGGTATTTGAAAACGTCATGC,6.373283,23
TCTGGTGGGGAATTTAAAAATGCATCCTGGAAATCC,6.214923,24
CTTGGAGATTTTATGGAGATGGTGAGCACAAGGTAA,6.714318,25
GCACTTCTCTTGAATTCCTTTATAGATGTACAGTTT,6.386245,26
ACAATAGTGAAACTCCGTCTCAAAAAGAAAAAAAGT,6.579591,27
AAGATTAAATGGTTAGGTCTTTTTAAAAGTTGCGGT,6.860499,28
AAATATTCATTCATGAGCTCTTTTGGCAATCCGTCA,6.195192,29
TTTTATTTTTATTTTTTTGAGATAATTTCACTCTTG,6.811781,30
GGTCGCCCCAGGAGATCACAGGTAGGGGAGTTGGGA,6.642648,31
CTCCAATTCAGTAAATGGTATCACTGTTTACCCCTT,6.084518,32
ATCCGTCCACTTGCCTTGGCTCCCCAAAGTGCTGGG,5.781302,33
AGGTTATCTTAGTTGGAGTTTGGGGTATTTGAAAAC,6.864798,34
GCTATCATTTCCCTCAGAAAGCTAAGTAAATTTACT,6.311225,35
AAATGTTTTTGGTATTAAAGAATATTTGGTATAAAG,6.507726,36
ATTCATTTCTCAAAGAGTAAAAGTGCAGGTTGTATG,6.481807,37
CCAGGTTATCTTAGTTGGAGTTTGGGGTATTTGAAA,7.098677,38
TATTCAGGGACAGTGTAGCAAGTAGCTTACAAGGGG,6.449346,39
AATTTTACCATAAGTTTTACCTATTCGTAAGTTGGC,6.572731,40
TGTCTCTTCTGAAACTGGAGTTTGAATTAGGTTCCC,6.61666,41
TATAATTACATACTGAATTATTTCATGCATAGTCTG,6.234601,42
GCTCTTTTGGCAATCCGTCATCAGTATATTCTGAAA,6.164422,43
TACATTATATTGCCCTTCAGAATAGATTCCAGTTCC,6.540828,44
TGGAGTTTGGGGTATTTGAAAACGTCATGCCTTCAG,6.182766,45
GCCCAGCTTATTTTGTGTTTTTAGTAGAGACAGGGT,6.506632,46
CCAAGCGGGGAGCATTCGAGTGGAGCCCGCGCTGGG,4.729749,47
AGGAGGACTGCTTGTGCCCAGAAGTTCGAGGCTGCA,6.081461,48
AACTTTGTCTCCCACATAAGTCTCTTCTAGGCACTG,6.420394,49
TTTTAAAAAGGACATTTCTATCAGGGATATATACCT,6.377194,50
CTGGGGCTGTTCTCATACTGGGGCTTTCTGCCCCAG,6.388682,51
GTTCTCATACTGGGGCTTTCTGCCCCAGGACCACAC,5.702528,52
CTGGGGCTTTCTGCCCCAGGACCACACCTTCCTGTC,6.516333,53
GCTCCAGTGCACCCCAGGCTTCGTGGCCAGCCTGGG,5.734776,54
GTGCACCCCAGGCTTCGTGGCCAGCCTGGGAAACTG,4.43757,55
CCCAGGCTTCGTGGCCAGCCTGGGAAACTGTCTCTA,6.52367,56
CTGTGAACTTCCCTCCCAGGCCAGCAGAGGGCTGGC,5.736753,57
CCCTCCCAGGCCAGCAGAGGGCTGGCTGTAGCTCCC,5.869197,58
GCCAGCAGAGGGCTGGCTGTAGCTCCCAGGCGCCCC,5.184981,59
GTGTCAGGAGCCCCTCTCTCCCTCTCTTGGAGAGAG,5.781635,60
GAGCCCCTCTCTCCCTCTCTTGGAGAGAGTCCTGAG,5.658075,61
CTCTCTCCCTCTCTTGGAGAGAGTCCTGAGTGCCCC,6.693866,62
CCCTGTCACCCCGCTTATTTTCATTTCTCTCTGCGG,6.029245,63
TCACCCCGCTTATTTTCATTTCTCTCTGCGGAGAAG,6.365803,64
CCGCTTATTTTCATTTCTCTCTGCGGAGAAGATCCA,6.418049,65
GCCATCCAATCGAGACCCTGGTGGACATCTTCCAGG,6.254531,66
ATCGAGACCCTGGTGGACATCTTCCAGGAGTACCCT,5.823136,67
CCTGGTGGACATCTTCCAGGAGTACCCTGATGAGAT,5.601273,68
TTCCATACCTTCACAACACTTGTGCCTCCCCCAGGG,6.159345,70
TACCTTCACAACACTTGTGCCTCCCCCAGGGCCTCT,6.123415,71
CACAACACTTGTGCCTCCCCCAGGGCCTCTTTCTCA,6.505781,72
CCCTGTACTTTCCACTGCCCTACCTAGATGTCCCTG,6.928385,73
GAGATTTTGTCCCTTCATCCACCGGCTTCTAGATTA,6.422093,74
GGACTTGACATTTTAGGGTTTTTAGGTGATTATTCT,6.979122,75
ACACACTGAAGGAGCTGTAGCATCCAAGAATACTAG,6.291197,76
TGTCAACAAAGCACAGATGCTCTCGCTGGGGCCTTG,5.873916,77
TCTGTCCTCAGTGGTCCCAGGCTGCACCCATGGCAG,5.082693,78
ACCCAGTCTCGGCTTCCCACCAAAGCCTTGTCAGGG,4.211118,79
AGCTGCCTCCCCCTTTGGGTTTTGCCAGACTCCACA,5.698073,80
GCTCCGATGGGGGCAACAGCAGTTGGGTCCCTGTGG,5.435646,81
AATGTGACTTGGGTCCATTTGAATCCAAAGTCCCTG,4.491182,82
GGCCGCTGGTCCCGGACGAACTGGAAGTCTGAGCAG,5.920365,83
AGGTGAGCATGCCTGGGGGTGTTGGGGAGATGCAAT,6.410011,84
TAAGTGAAGTCAAGTTGTTCAGGGGGCTAAGCCCAT,6.671302,85
GAGGGCAGGGCTGGGGCTGTTCTCATACTGGGGCTT,7.394656,86
AGCCCCCTATTCCGGCCCAACCCATGGCACCCACAG,6.611175,87
GCCAGCCTTGCACACACTTTGTCCTGGTGAAAGGCA,4.885877,88
CTATAAATCCATGAGCAGAAAAATACATAAAATGTG,6.582442,89
TCCCTGTACCTCCTATAAAATCAGCATGGAGCCTGG,6.039605,90
CCAGGCAGTGGAGGCCAGCCCTCCTTGGAGGGGCGG,5.510015,91
CCTGCATTTCGAGCTCCCCAGCCCCCAACATCTGGT,6.272139,92
TACCTTTGTGAGCCCCGGGCATCTGTACCTCTTTCC,6.565169,93
TCCGTTTCGGGGCTCCCCAGAAGGGTAGGGCCTGTT,5.815772,94
GAGCAAACTCCCCCCACCCCCTTTCCAAAGCCCATT,6.692208,95
AGTTTGCCCTCTTGGGCGGGGTTATCAGTGGCTGGC,6.875464,96
ACCCCTTGCCCAGGCCAGACCTTCCTGCTATCCCCT,6.501444,97
GCCTGATACACAGCCCTCCCTCCCACTCCTGCTCCC,6.818215,98
CTTATGGCAGCCTCTCCCTGCACTCTCTGCCCGTCT,6.026503,99
TCTCCCTCCTCAGACTGGGGCTCTGAGGGCAAGGGG,4.428572,100
